id,x,y
369,0.857789,-9.997504
1095,-9.308026,-9.984928
260,-9.838566,-9.046726
800,-9.978655,-7.477694
1805,-9.936441,9.422032
636,-8.660661,9.957898
9,-8.521264,9.958856
1977,-6.416229,9.969665
1978,6.656594,9.983177
1687,9.366913,9.879412
1005,9.995460,9.801684
312,9.988524,-4.772811
1446,9.949773,-8.482169
2037,9.944218,-8.742048
307,9.908395,-9.758035
1651,9.852401,-9.804153
1225,9.304601,-9.904808
1066,8.291392,-9.973230
