id,x,y
8,6.271543,-7.950250
6,-6.775306,-6.437161
7,-9.770418,-4.478020
10,-4.956053,9.652598
2,6.585010,9.867359
9,9.542831,3.640704
1,8.764901,-6.641086
