id,x,y
51,1.965658,-9.961580
143,-2.972713,-9.930419
502,-5.989070,-9.864957
231,-8.050130,-9.705925
224,-9.375797,-9.224365
511,-9.719668,-6.827619
182,-9.861130,-5.500794
59,-9.931705,-2.751053
108,-9.923793,5.638304
365,-9.846605,8.810234
243,-7.244872,9.894666
30,7.206457,9.961033
139,7.932922,9.841418
510,9.015267,9.425529
508,9.804779,5.040392
332,9.940695,2.896746
371,9.924180,-6.773665
471,9.568857,-9.789563
