id,x,y
15,3.897637,-9.452498
24,-9.068991,-7.990346
21,-9.739924,-5.990917
6,-7.065703,7.196377
12,-3.073467,8.257863
25,2.112714,9.262503
23,8.783547,3.683297
18,9.898712,1.020732
5,8.787952,-4.272519
27,7.676700,-7.429519
