id,x,y
272,-6.172582,-9.961448
1014,-8.686478,-9.879609
729,-9.886192,-9.425859
914,-9.906463,-7.929061
296,-9.998506,5.836851
978,-9.997382,9.994405
219,7.200253,9.982974
905,9.204338,9.797401
246,9.812600,8.176547
1002,9.975720,5.105053
589,9.973213,-4.228133
328,9.961517,-8.208113
1018,9.917278,-8.761321
117,8.822862,-9.726843
676,8.010896,-9.873997
