id,x,y
138,-8.466706,-9.842368
139,-9.016483,-8.559081
211,-9.284542,-7.644761
223,-9.582347,-6.171894
254,-9.933725,-1.651487
192,-9.981243,1.345885
151,-9.924496,4.236349
84,-9.500042,8.707159
189,-6.755261,9.453676
98,-1.822509,9.868831
131,2.640299,9.992119
100,6.885680,9.726360
11,9.176900,9.523779
195,9.810323,5.494828
214,9.973835,4.046348
30,9.902448,-4.948150
18,9.370105,-8.731415
9,0.653131,-9.304558
