id,x,y
2,-3.820728,-9.891832
1,-8.700080,-0.678362
0,-2.659913,6.726692
