id,x,y
15,-0.462569,-9.818133
16,-2.532336,-9.391186
20,-4.937765,-8.543113
47,-7.818140,-5.421237
51,-8.843934,-1.832304
13,-9.073890,0.830073
5,-7.552686,8.635660
2,2.451040,9.819827
56,4.899063,8.918159
37,7.802834,2.826154
24,8.012191,1.993900
0,8.204021,0.024960
33,8.976161,-8.049864
