id,x,y
712,4.260819,-9.997704
2283,-5.736545,-9.982073
270,-9.882447,-9.974475
3452,-9.944768,-5.776917
1061,-9.996116,2.168967
3847,-9.981417,6.507559
4045,-9.904411,9.897644
4027,-9.837120,9.916261
131,-8.581535,9.980018
1219,-8.163969,9.998625
1534,9.135002,9.964114
625,9.959506,8.807894
3709,9.981565,6.672371
3366,9.995617,3.889740
1477,9.996386,-9.978034
1626,8.559108,-9.986296
