id,x,y
4,-3.837554,-7.245184
0,-5.902974,-5.654051
2,-7.324842,2.124705
6,3.216282,8.163310
3,8.267662,3.069725
7,9.397477,-2.249001
1,6.177397,-4.485635
