id,x,y
87,7.827117,-9.712916
16,0.006910,-9.610179
114,-2.020533,-9.438612
3,-6.266569,-8.290439
42,-7.543494,-7.181896
58,-8.807477,-5.636568
20,-9.864200,1.851387
76,-9.855174,2.921113
62,-8.332339,7.814718
90,-5.652608,9.503697
22,-1.557849,9.984528
85,5.757853,9.902137
77,9.788369,9.498011
67,9.787106,3.589435
35,8.976066,-6.662882
